counterparty_name,classification,notional_usd_summed,matched_pattern
CME Clearing,CCP,6587014645696,CME Clearing
Chicago Mercantile Exchange,CCP,5661125020230,Chicago Mercantile Exch
LONDON CLEARING HOUSE,CCP,5569817730373,LONDON CLEARING
Chicago Board of Trade,CCP,4805773989710,Chicago Board of Trade
London Clearing house,CCP,4722840689027,London Clearing
LCH.CLEARNET (US) LLC,CCP,2953148324372,LCH
CHICAGO BOARD OF TRADE,CCP,2925816565387,CHICAGO BOARD OF TRADE
CME Clearing House,CCP,2486106146891,CME Clearing
BNP PARIBAS,BILATERAL,2328870441780,
STATE STREET BANK AND TRUST COMPANY,BILATERAL,1870348214199,
"JPMorgan Chase Bank, National Association",BILATERAL,1829497247443,
"BANK OF AMERICA, N.A.",BILATERAL,1809720053106,
LCH,CCP,1790779550004,LCH
MORGAN STANLEY & CO LLC,BILATERAL,1705894775708,
UBS AG,BILATERAL,1530781799301,
Intercontinental Exchange,CCP,1442285348234,Intercontinental Exchange
INTERCONTINENTAL EXCHANGE,CCP,1397802026033,INTERCONTINENTAL EXCHANGE
THE TORONTON DOMINION BANK,BILATERAL,1367473605137,
"Citibank, National Association",BILATERAL,1243923429079,
LCH Clearnet,CCP,1242148893465,LCH
Goldman Sachs International,BILATERAL,1224624527876,
Goldman Sachs & Co. LLC,BILATERAL,1058540289969,
JPMorgan,BILATERAL,1039406063076,
BARCLAYS BANK PLC,BILATERAL,1017215737963,
LCH Limited,CCP,959159530470,LCH
MORGAN STANLEY CAPITAL SERVICES LLC,BILATERAL,929065505237,
Standard Chartered Bank,BILATERAL,847513955167,
DEUTSCHE BANK AG,BILATERAL,837745520121,
HSBC BANK PLC,BILATERAL,792122804850,
Citibank NA,BILATERAL,774822607952,
"Bank of America, National Association",BILATERAL,771811828455,
Goldman Sachs Bank USA,BILATERAL,739987695116,
Lch Clearnet (Us),CCP,736066449722,Lch
SOCIETE GENERALE,BILATERAL,727058578647,
"BOARD OF TRADE OF THE CITY OF CHICAGO, INC.",CCP,701882768189,BOARD OF TRADE OF THE CITY OF CHICAGO
Lch.Clearnet (Us),CCP,689244380229,Lch
HSBC UK BANK PLC,BILATERAL,650149997917,
MORGAN STANLEY & CO. INTERNATIONAL PLC,BILATERAL,640763698684,
"JPMORGAN CHASE BANK, N.A.",BILATERAL,631148741297,
Barclays Bank PLC,BILATERAL,609929459569,
ROYAL BANK OF CANADA,BILATERAL,548407453543,
Deutsche Bank Aktiengesellschaft,BILATERAL,520471297559,
CME Group Inc.,CCP,507937947634,CME Group
Citibank,BILATERAL,480614876527,
"BANK OF AMERICA, NATIONAL ASSOCIATION",BILATERAL,462045245652,
UK CLEARING HOUSE LIMITED,CCP,427304407549,CLEARING HOUSE
"BARCLAYS CAPITAL, INC.",BILATERAL,386580997451,
GOLDMAN SACHS & CO. LLC,BILATERAL,386059273416,
Morgan Stanley & Co. International PLC,BILATERAL,360368816308,
THE BANK OF NEW YORK MELLON,BILATERAL,352471673428,
"BOFA SECURITIES, INC.",BILATERAL,316386448722,
WELLS FARGO BANK NA,BILATERAL,315837745204,
Deutsche Bank AG,BILATERAL,279876563652,
Eurex Deutschland,BILATERAL,273702007296,
CITIGROUP GLOBAL MARKETS INC.,BILATERAL,273390706352,
State Street Bank and Trust Company,BILATERAL,248064488492,
ICE Clear US,CCP,245374807966,ICE Clear
Citi,BILATERAL,242095891170,
COMMONWEALTH BANK OF AUSTRALIA,BILATERAL,223336625033,
"MERRILL LYNCH, PIERCE, FENNER & SMITH INCORPORATED",BILATERAL,216476771967,
CANADIAN IMPERIAL BANK OF COMMERCE,BILATERAL,202089200914,
ASX Clear (Futures),CCP,192077888241,ASX Clear
Morgan Stanley Capital Services LLC,BILATERAL,185700806648,
BANK OF AMERICA CORPORATION,BILATERAL,180288267461,
Citibank National Association,BILATERAL,180147949547,
HSBC SECURITIES (USA) INC.,BILATERAL,179562672362,
JPMORGAN CHASE & CO.,BILATERAL,178934837782,
Societe Generale,BILATERAL,176505536844,
ICE Clear Europe,CCP,173999745314,ICE Clear
DEUTSCHE BANK AKTIENGESELLSCHAFT,BILATERAL,166983486285,
ICE FUTURES US,BILATERAL,160706989726,
Eurex Clearing,CCP,157734646969,Eurex Clearing
JPMorgan Chase Bank NA,BILATERAL,156978788078,
Natwest Markets PLC,BILATERAL,148187571660,
ICE Futures Europe Financials,BILATERAL,146043681140,
"ICE Futures U.S., Inc.",BILATERAL,142567312724,
"HSBC BANK USA, N.A.",BILATERAL,141664413728,
JPMORGAN CHASE BANK NA,BILATERAL,140700642066,
"Wells Fargo Bank, National Association",BILATERAL,136357303683,
STANDARD CHARTERED BANK,BILATERAL,135067214062,
Citibank N.A.,BILATERAL,134416419742,
Royal Bank of Canada,BILATERAL,130934749542,
London Metal Exchange,BILATERAL,130096051621,
CITIBANK NA,BILATERAL,125534068979,
MERRILL LYNCH INTERNATIONAL,BILATERAL,124613450096,
BNP PARIBAS SA,BILATERAL,119570646242,
JPMorgan Chase Bank N.A.,BILATERAL,117024663871,
Merrill Lynch International,BILATERAL,112646291828,
WELLS FARGO & COMPANY,BILATERAL,107642627373,
Credit Suisse International,BILATERAL,107358285235,
New York Mercantile Exchange,CCP,106567898639,New York Mercantile Exch
HSBC Bank USA NA,BILATERAL,100673691733,
HSBC Bank USA N.A.,BILATERAL,99135742200,
Osaka Exchange,BILATERAL,97527354240,
MORGAN STANLEY,BILATERAL,96202144797,
BNP Paribas,BILATERAL,92713103441,
AUSTRALIA AND NEW ZEALAND BANKING GROUP LIMITED,BILATERAL,91583346190,
Brown Brothers Harriman & Co.,BILATERAL,83160122659,
BNP PARIBAS SECURITIES CORP.,BILATERAL,78393254353,
Bank of America NA,BILATERAL,75674010292,
NOMURA GLOBAL FINANCIAL PRODUCTS INC,BILATERAL,72412067853,
CITIBANK N.A.,BILATERAL,68733205747,
LCH CLEARNET,CCP,65099721990,LCH
BANK OF MONTREAL,BILATERAL,63018254597,
Eurex,BILATERAL,62860302504,
BANCO SANTANDER S.A.,BILATERAL,59861501528,
CREDIT AGRICOLE CIB,BILATERAL,59683821289,
HSBC,BILATERAL,55337822004,
"J.P. MORGAN SECURITIES, LLC.",BILATERAL,53950536735,
"HSBC Bank USA, National Association",BILATERAL,53859293981,
Morgan Stanley & Co. International plc,BILATERAL,53210554172,
CREDIT SUISSE INTERNATIONAL,BILATERAL,52977287978,
ICE FUTURES EUROPE,BILATERAL,50841677520,
MORGAN STANLEY & CO. INTERNATIONAL,BILATERAL,50092210551,
UBS Securities LLC,BILATERAL,50002300318,
Morgan Stanley & Co. International,BILATERAL,49439547475,
Canadian Imperial Bank of Commerce,BILATERAL,48631674832,
CIBC WORLD MARKETS CORP.,BILATERAL,47361388854,
UBS SECURITIES LLC,BILATERAL,46604656520,
GOLDMAN SACHS BANK USA,BILATERAL,46452309244,
BARCLAYS CAPITAL INC.,BILATERAL,46288300546,
Japan Securities Clearing,CCP,44740210089,Japan Securities Clearing
GOLDMAN SACHS INTERNATIONAL,BILATERAL,44439012805,
"PNC Bank, N.A.",BILATERAL,41923362179,
HSBC Bank PLC and HSBC Bank USA National Association,BILATERAL,41338991278,
STATE STREET CORPORATION,BILATERAL,40372523252,
LCH CLEARNET (US) LLC,CCP,40320871187,LCH
MACQUARIE BANK LIMITED,BILATERAL,39086336147,
EUREX DEUTSCHLAND,BILATERAL,38970708831,
"GOLDMAN SACHS GROUP, INC",BILATERAL,38175692342,
CITIGROUP GLOBAL MARKETS LIMIT,BILATERAL,36872563842,
Canadian Derivatives Clearing,BILATERAL,36713492482,
Barclays Bank plc,BILATERAL,34579071848,
LME Clear,BILATERAL,31433775028,
"Banco Santander, S.A.",BILATERAL,30867915215,
NatWest Markets PLC,BILATERAL,30525596153,
J.P. MORGAN SECURITIES LLC.,BILATERAL,30356563575,
"GOLDMAN SACHS GROUP, INC.",BILATERAL,30185431304,
THE TORONTO-DOMINION BANK,BILATERAL,29971287265,
VALIDATION TEST BROKER,BILATERAL,28926260422,
"Merrill Lynch, Pierce, Fenner & Smith Inc.",BILATERAL,28692836498,
BARCLAYS CAPITAL INC. FIX INC,BILATERAL,25825606450,
JP MORGAN SECURITIESPLC,BILATERAL,24945448197,
"GOLDMAN,SACHS & CO.",BILATERAL,24358956604,
"Wells Fargo Trust Company, National Association",BILATERAL,24185338059,
JPMorgan Chase & Co.,BILATERAL,23687527191,
NOMURA GLOBAL FINANCIAL PRODUCTS INC.,BILATERAL,23223782833,
Macquarie Bank Ltd.,BILATERAL,23081136368,
NATWEST MARKETS PLC,BILATERAL,23080764045,
Credit Suisse,BILATERAL,22501080390,
BNP Paribas S.A.,BILATERAL,22030669534,
Westpac Banking Corp.,BILATERAL,20331640150,
CREDIT SUISSE SECURITIES (USA) LLC,BILATERAL,19957110079,
Wells Fargo Securities LLC,BILATERAL,19886352026,
UBS,BILATERAL,19525508340,
CLEAR STREET LLC,BILATERAL,19429424916,
Wells Fargo,BILATERAL,19311813197,
Bank of Montreal,BILATERAL,19052438089,
Credit Suisse Securities (USA) LLC,BILATERAL,18893767845,
HSBC BANK USA NA,BILATERAL,18333469906,
MACQUARIE CAPITAL (USA) INC.,BILATERAL,18262348146,
TMX,BILATERAL,18249258231,
CITIGROUP INC,BILATERAL,18028938811,
ADM INVESTOR SERVICES INC,BILATERAL,17942464225,
Australia and New Zealand Banking Group,BILATERAL,17935240550,
"RBC Capital Markets, LLC",BILATERAL,17752172792,
Societe Generale SA,BILATERAL,16828473893,
BNP Paribas Securities Corp.,BILATERAL,16822143733,
"BNP Paribas USA, Inc.",BILATERAL,16658418546,
Morgan Stanley,BILATERAL,16597843013,
NOMURA SECURITIES INTERNATIONAL INC.,BILATERAL,15978885270,
The Bank of New York Mellon,BILATERAL,15967296796,
Nomura International PLC,BILATERAL,15844011938,
HSBC Securities (USA) Inc.,BILATERAL,15610693324,
"MUFG Bank, Ltd.",BILATERAL,15389000000,
"ICE FUTURES U.S., INC.",BILATERAL,15244687419,
Merrill Lynch International Bank Ltd.,BILATERAL,15081109634,
TORONTO DOMINION SECURITIES,BILATERAL,15021176926,
CREDIT AGRICOLE CORPORATE AND INVESTMENT BANK,BILATERAL,14971434683,
Singapore Exchange Derivatives Clearing Limited,BILATERAL,14644816369,
NATIONAL AUSTRALIA BANK LIMITED,BILATERAL,14381926341,
THE MONTREAL EXCHANGE / BOURSE DE MONTREAL,CCP,14369433992,MONTREAL EXCHANGE
"Morgan Stanley Bank, National Association",BILATERAL,14082931644,
Bank of New York,BILATERAL,13241111310,
MAREX CAPITAL MARKETS INC.,BILATERAL,13193119231,
UBS Asset Management Holding Ltd,BILATERAL,12866941642,
Westpac Banking Corporation,BILATERAL,12772695152,
UBS Switzerland AG,BILATERAL,12671612976,
NEW YORK MERCANTILE EXCHANGE,CCP,12474757928,NEW YORK MERCANTILE EXCH
Clear Street,BILATERAL,12280129169,
CITIGROUP GLOBAL MKTS,BILATERAL,12254263071,
BOFA SECURITIES INC.,BILATERAL,11780598954,
"Merrill Lynch & Co., Inc.",BILATERAL,11697538761,
Signature Bank,BILATERAL,11387164395,
UBS Financial Services Inc.,BILATERAL,11272703000,
DEUTSCHE BANK SECURITIES INC,BILATERAL,11231795237,
JP Morgan Securities PLC,BILATERAL,11100205082,
Bank of New York Mellon,BILATERAL,11075484322,
Australia & New Zealand Banking Group Ltd.,BILATERAL,11048603793,
JPMorgan Securities LLC,BILATERAL,10646758065,
Citibank International Limited,BILATERAL,10366618958,
Toronto Dominion Bank,BILATERAL,10225721724,
JP MORGAN CHASE BANK N.A.,BILATERAL,10163161383,
"Deutsche Bank Securities, Inc.",BILATERAL,9760247981,
ICE Futures Europe - Financial Products Division,BILATERAL,9563181576,
Cassa di Compensazione e Garanzia,BILATERAL,9392390415,
Merrill Lynch International & Co.,BILATERAL,9388544797,
R.J. O'BRIEN & ASSOCIATES LLC,BILATERAL,9351998036,
"Bank of America, N.A.",BILATERAL,9308033443,
Citigroup Inc.,BILATERAL,9206261659,
JPMorgan Securities PLC,BILATERAL,9116796607,
CIBC WORLD MARKETS CORP,BILATERAL,8796258593,
"RBC CAPITAL MARKETS, LLC",BILATERAL,8392454918,
Hong Kong Futures Exchange Ltd.,BILATERAL,8124092783,
BMO HARRIS BANK N.A.,BILATERAL,7893485597,
Natwest Markets Australia Pty Limited,BILATERAL,7887438023,
MERRILL LYNCH PFS,BILATERAL,7819036760,
DEUTSCHE BANK SECURITIES INC.,BILATERAL,7811797499,
MACQUARIE BANK LTD,BILATERAL,7753451060,
ICE Futures U.S.,BILATERAL,7690624716,
Barclays,BILATERAL,7603814962,
"BANCO SANTANDER, S.A.",BILATERAL,7573814592,
J.P. Morgan International Bank Limited,BILATERAL,7569532759,
Mizuho Securities,BILATERAL,7530973495,
Morgan Stanley Capital Services,BILATERAL,7405434503,
STATE STREET,BILATERAL,7378971430,
J.P. MORGAN SECURITIES,BILATERAL,7331183429,
CANTOR FITZGERALD & CO.,BILATERAL,7219061331,
"BNY Mellon, National Association",BILATERAL,7208031838,
Market Operation Department of KOFEX,BILATERAL,6904030187,
"DEUTSCHE BANK SECURITIES, INC.",BILATERAL,6798104692,
"ADM Investor Services, Inc.",BILATERAL,6779633408,
Australia and New Zealand Banking Group Limited,BILATERAL,6661345708,
Singapore Exchange (was SIMEX),BILATERAL,6591865162,
CITIGROUP GLOBAL MARKETS LIMITED,BILATERAL,6580035976,
J.P. MORGAN SECURITIES PLC,BILATERAL,6381626939,
"SG AMERICAS SECURITIES, LLC",BILATERAL,6344301174,
BARCLAYS PLC,BILATERAL,6319675084,
Nomura Securities,BILATERAL,6085372704,
BMO HARRIS BANK NA 001,BILATERAL,6072942161,
ED&F MAN CAPITAL MARKETS INC.,BILATERAL,6023160655,
Deutsche Bank Securities Inc.,BILATERAL,5842356273,
BNY CAPITAL MARKETS,BILATERAL,5841053623,
MONTREAL EXCHANGE INC.,CCP,5831134018,MONTREAL EXCHANGE
Citigroup,BILATERAL,5689673640,
MERRILL LYNCH BOSTON,BILATERAL,5555242397,
ING Baring U.S. Capital Markets,BILATERAL,5554429862,
BARCLAYS CAPITAL INC,BILATERAL,5521084361,
GOLDMAN SACHS BANK AG,BILATERAL,5406116454,
"Barclays Capital, Inc.",BILATERAL,5375937290,
BME Clearing,BILATERAL,5346859469,
The Montreal Exchange/Bourse De Montreal,CCP,5323587398,Montreal Exchange
Cowen Group,BILATERAL,5177401668,
UBS AG London,BILATERAL,5162575772,
The Toronto-Dominion Bank,BILATERAL,4970233184,
"Nomura Holdings, Inc.",BILATERAL,4742056640,
BARCLAYS BANK UK PLC,BILATERAL,4677846983,
STATE STREET CORP,BILATERAL,4653263650,
Nasdaq Stockholm AB,BILATERAL,4612035395,
"Macquarie Capital USA, Inc.",BILATERAL,4610649339,
BNP PARIBAS SEC'S CORP./BONDS,BILATERAL,4534553516,
BNP Paribas Securities,BILATERAL,4491933286,
INTL FCSTONE FINANCIAL INC.,BILATERAL,4323686683,
Euronext Derivatives Paris,BILATERAL,4305126052,
BMO CAPITAL MARKETS CORP.,BILATERAL,4149232836,
UBS WARBURG,BILATERAL,3931679776,
Barclays Capital Securities Ltd.,BILATERAL,3931187358,
COWEN INC.,BILATERAL,3923825810,
ICE Clear Europe Limited,CCP,3910032700,ICE Clear
JPMorgan International Bank Ltd.,BILATERAL,3908195548,
NATWEST MARKETS,BILATERAL,3832850854,
CITIGROUP INC.,BILATERAL,3810461082,
"HSBC Securities (USA), Inc.",BILATERAL,3717681618,
JB DRAX HONORE,BILATERAL,3708731205,
CSFB NEW YORK DTC 355,BILATERAL,3556757366,
ICE Futures Europe,BILATERAL,3507278782,
Citigroup Global Markets Inc.,BILATERAL,3440141164,
Barclays Capital Inc. / LE,BILATERAL,3412797779,
Cowen Financial Products LLC,BILATERAL,3314473533,
NOMURA INTERNATIONAL PLC,BILATERAL,3257165993,
Banco Santander S.A,BILATERAL,3215460000,
ASX - Trade24,BILATERAL,3207817475,
Singapore Exchange Derivatives Clearing Ltd.,BILATERAL,3089795221,
Singapore Exchange Derivatives Clearing,BILATERAL,3087543392,
BANK OF AMERICA MERRILL LYNCH,BILATERAL,2972465451,
"HSBC Securities USA, Inc.",BILATERAL,2954001914,
Deutsche Bank Securities Inc,BILATERAL,2938817024,
Natixis Securities,BILATERAL,2933120672,
Asx - Trade24,BILATERAL,2885665896,
National Australia Bank Limited,BILATERAL,2867010178,
Euronext N.V.,BILATERAL,2852709701,
CITADEL SECURITIES SWAP DEALER LLC,BILATERAL,2842855200,
J.P. Morgan Securities PLC,BILATERAL,2833663492,
Marex Prime Services Limited,BILATERAL,2831534571,
UBS Ltd.,BILATERAL,2786559964,
Nomura Global Financial Products Inc.,BILATERAL,2605472926,
Borsa Italiana (IDEM),BILATERAL,2568047094,
ICE Clear Credit,CCP,2544507745,ICE Clear
Cargill Inc,BILATERAL,2539511783,
Commonwealth Bank of Australia,BILATERAL,2432707536,
Clear Street Derivates LLC,BILATERAL,2365251122,
Credit Agricole Corporate and Investment Bank,BILATERAL,2258098600,
HKCC & SEOCH,BILATERAL,2215004758,
NATIONAL BANK OF CANADA FINANCIAL INC.,BILATERAL,2199321666,
Royal Bank of Scotland PLC,BILATERAL,2123483716,
Morgan Stanley & Co. Incorporated,BILATERAL,2100000000,
MORGAN STANLEY CAPITAL SERVICES INC,BILATERAL,2086944039,
"WELLS FARGO BANK, N.A.",BILATERAL,2080924710,
USBANK,BILATERAL,2009117293,
Cantor Fitzgerald,BILATERAL,1942848401,
MACQUARIE GROUP LIMITED,BILATERAL,1940000000,
NASDAQ OMX Commodities Clearing,BILATERAL,1933665841,
National Austrailia Bank Limited,BILATERAL,1927665047,
"RBC Dominion Securities, Inc.",BILATERAL,1869458405,
Nomura International plc,BILATERAL,1792968127,
ICBC Standard Bank PLC,BILATERAL,1737911737,
BNP PARIBAS (SUISSE) SA,BILATERAL,1718587724,
CITADEL SECURITIES LLC,BILATERAL,1700101093,
RBC CAPITAL MARKETS CORP/RBCCM,BILATERAL,1684491476,
Lloyds Bank,BILATERAL,1656281111,
JP MORGAN,BILATERAL,1490894734,
State Street,BILATERAL,1485743160,
Citigroup Global Markets Inc,BILATERAL,1451217906,
Credit Agricole CIB,BILATERAL,1435795734,
DEUTSCHE BANK,BILATERAL,1400795358,
MORGAN STANLEY AND CO. INT'L LIMITED,BILATERAL,1360848498,
"STATE STREET GLOBAL MARKETS, LLC",BILATERAL,1307412622,
CITIGROUP,BILATERAL,1263412271,
INTERACTIVE BROKERS LLC,BILATERAL,1258319321,
Barclays Capital Securities Limited,BILATERAL,1213976739,
State Street Bank International GmbH,BILATERAL,1177261615,
"Merrill Lynch, Pierce, Fenner & Smith Incorporated",BILATERAL,1158802438,
The Bank of Nova Scotia,BILATERAL,1155008957,
STATE STREET GLOBAL MARKETS LLC,BILATERAL,1154996511,
Standard Chartered Bank (Thai) Public Company Limited,BILATERAL,1154361870,
Credit Suisse Group AG,BILATERAL,1101678717,
JSE Clear,BILATERAL,1060684333,
"HSBC Securities, Inc.",BILATERAL,1052154990,
ASX CLEARING CORPORATION LIMITED,CCP,1017975294,ASX CLEAR
Euronext NV,BILATERAL,1003451434,
CBOE Futures Exchange LLC,BILATERAL,966366134,
Macquarie Securities,BILATERAL,956502706,
HSBC Bank Co. Ltd.,BILATERAL,948638093,
BNP PARIBAS SECURITIES CORPORATION,BILATERAL,933322220,
NATIXIS SECURITIES AMERICAS LLC,BILATERAL,931269027,
Merrill Lynch,BILATERAL,922058135,
BNP Paribas Securities Services,BILATERAL,911421463,
Regions Bank,BILATERAL,900000000,
Capital Securities Corp.,BILATERAL,895812551,
JANE STREET EXECUTION SERVICES LLC,BILATERAL,884876838,
UBS FINANCIAL SERVICES INC.,BILATERAL,870871485,
Citibank AG,BILATERAL,870335281,
EUROPEAN ENERGY DERIVATIVES EXCHANGE N.V.,BILATERAL,859758330,
ASX,BILATERAL,831184199,
BANK OF NY JAMES CAPEL ADR,BILATERAL,820264671,
BORSA ITALIANA S.P.A.,BILATERAL,806654378,
Clearing Company (Thailand),BILATERAL,797735716,
ASX - SYDNEY FUTURES EXCHANGE LIMITED,BILATERAL,779370751,
WELLS FARGO SECURITIES LLC,BILATERAL,770575955,
Bank of America Merrill Lynch International Limited,BILATERAL,768185538,
NSE Clearing Ltd.,BILATERAL,756693185,
Credit Suisse AG,BILATERAL,737419481,
CREDIT AGRICOLE,BILATERAL,716536468,
GOLDMAN SACHS,BILATERAL,691276680,
Euronext Paris Matif,BILATERAL,684942089,
"BTIG, LLC",BILATERAL,668864051,
"Merrill Lynch Capital Services, Inc.",BILATERAL,657624709,
"NOMURA SECURITIES INTERNATIONAL, INC.",BILATERAL,657431784,
BofA Securities Europe SA,BILATERAL,653211995,
"MORGAN STANLEY AND CO., LLC",BILATERAL,649474195,
NSE IFSC,BILATERAL,644884789,
Scotiabank,BILATERAL,632366448,
Bannockburn Global Forex,BILATERAL,626727247,
NYSE Euronext - Euronext Paris,BILATERAL,622875036,
MIZUHO CAPITAL MARKETS LLC,BILATERAL,622185329,
TD Cowen Financial Products LLC,BILATERAL,589930209,
Cargill India Private Limited,BILATERAL,588343541,
Euronext Derivatives Amsterdam,BILATERAL,578806153,
Northern Trust Co.,BILATERAL,578564657,
"GOLDMAN, SACHS & CO",BILATERAL,568972399,
BARCLAYS CAPITAL,BILATERAL,566728195,
State Street Custodial Services Ireland Ltd.,BILATERAL,541795125,
JEFFERIES LLC,BILATERAL,533745230,
BNP PARIBAS SECURITIES (ASIA) LIMITED,BILATERAL,522722300,
Royal Bank of Scotland,BILATERAL,519949336,
J.P. Morgan Clearing Corp.,BILATERAL,518493362,
State Street Europe Limited,BILATERAL,509266721,
Credit Agricole,BILATERAL,504878024,
"MORGAN STANLEY CAPITAL GROUP, INC",BILATERAL,503222680,
BOA MERRILL LYNCH,BILATERAL,501742605,
CONVERSION DEFAULT BROKER,BILATERAL,500000000,
The Bank of New York Mellon S.A./N.V.,BILATERAL,498115458,
Marlin Equity Partners,BILATERAL,492364995,
ASX 24,BILATERAL,488079868,
Mercado Mexicano De Derivados,BILATERAL,483185820,
Banco Santander,BILATERAL,481309300,
HSBC PRIVATE BANK INTERNATIONAL,BILATERAL,478151512,
KDPW-National Depository For Securities,BILATERAL,476159808,
Goldman Sachs Bank Europe SE,BILATERAL,467247612,
ANZ Banking Group,BILATERAL,464084346,
HSBC HOLDINGS PLC,BILATERAL,463542186,
Mizuho Capital Markets LLC,BILATERAL,450231605,
MEFF RENTA VARIABLE,BILATERAL,447920651,
NATIONAL AUSTRALIA BANK LTD,BILATERAL,444338841,
BNP CAPITAL MARKETS LTD.,BILATERAL,442972058,
"Societe Generale Bannon, LLC",BILATERAL,442758744,
Credit Suisse Securities (Europe) Limited,BILATERAL,441389335,
Standard Chartered Securities (India) Ltd.,BILATERAL,437289218,
Credit Suisse Securities Ltd.,BILATERAL,434488700,
RBC CAPITAL MARKETS LLC,BILATERAL,396435173,
"State Street Brokerage Services, Inc.",BILATERAL,380391227,
NOMURA SECURITIES INTL INC,BILATERAL,378573758,
"CF Secured, LLC",BILATERAL,375254518,
CITIGROUP GLOBAL MARKETS INC/SMITH BARNEY,BILATERAL,375027492,
Nyse Euronext - Euronext Paris,BILATERAL,373181739,
OMX Nordic Exchange Stockholm,BILATERAL,371247782,
"Nomura Asset Management U.S.A., Inc.",BILATERAL,358224862,
ANZ Banking Group LTD.,BILATERAL,353299457,
Barclay Investments LLC,BILATERAL,330000000,
Macquarie Equities Limited,BILATERAL,327822000,
Bank of America,BILATERAL,319579770,
UBS FINANCIAL SERVICES INC,BILATERAL,317272342,
HONG KONG FUTURES EXCHANGE LTD.,BILATERAL,315291573,
RBC Capital Markets LLC,BILATERAL,313550414,
GOLDMAN SACHS NEW YORK,BILATERAL,311779000,
BNYMELLON/RE HSBC BANK PLC,BILATERAL,308577548,
Bank Of America Merrill Lynch International Limited,BILATERAL,305972886,
Wells Fargo & Company,BILATERAL,299858242,
BNP PARIBAS U.K. HOLDINGS LIMITED,BILATERAL,298862846,
MACQUARIE CAPITAL,BILATERAL,290916255,
Nomura Group Financial Products,BILATERAL,286153568,
NATIONAL STOCK EXCHANGE OF INDIA LIMITED,BILATERAL,284679519,
"NOMURA HOLDINGS, INC.",BILATERAL,276566764,
SKANDINAVISKA ENSKILDA BANKEN AB,BILATERAL,272272550,
BNY Mellon N.A.,BILATERAL,271788039,
Nomura International,BILATERAL,271040056,
NATWEST GROUP PLC,BILATERAL,267739333,
UBS Group AG,BILATERAL,260310504,
European Commodity Clearing,BILATERAL,257161656,
COWEN AND COMPANY LLC,BILATERAL,249209851,
Societe General,BILATERAL,245146332,
SINGAPORE EXCHANGE LIMITED,BILATERAL,242344465,
Goldman Sachs & Co,BILATERAL,242247958,
SG AMERICAS SECURITIES LLC,BILATERAL,236087388,
Morgan Stanley International Limited,BILATERAL,227112762,
RBS SECURITIES,BILATERAL,226232916,
MORGAN STANLEY & CO INC. NEW YORK,BILATERAL,225418344,
FUJI SECURITIES INC,BILATERAL,224979668,
BNP PARIBAS SECURITIES CORP/BOND,BILATERAL,222008773,
NSE IFSC LIMITED,BILATERAL,215998512,
"CBOE FUTURES EXCHANGE, LLC",BILATERAL,212930387,
Deutsche Bank,BILATERAL,209598964,
WELLS FARGO SECURITIES,BILATERAL,209109543,
JP MORGAN SECURITIES LIMITED,BILATERAL,207868331,
J.P. Morgan AG,BILATERAL,199792207,
Italian Derivatives Market,BILATERAL,198301816,
Citigroup Global Markets Europe AG,BILATERAL,193889246,
Thailand Futures Exchange,BILATERAL,189034331,
"MERRILL LYNCH CAPITAL SERVICES , INC.",BILATERAL,187829000,
"Morgan Stanley Capital Services, LLC",BILATERAL,183000000,
BANK OF MONTREAL QUE,BILATERAL,182032153,
Morgan Stanley Bank AG,BILATERAL,180542739,
Clear Street LLC,BILATERAL,180159245,
Deutsche Bank Trust Corporation,BILATERAL,180000000,
Cboe Futures Exchange,BILATERAL,176176252,
EURONEXT PARIS SA,BILATERAL,176087663,
"B3 S.A. - Brasil, Bolsa, Balcao",CCP,170900529,B3 S.A
UBS ASSET MANAGEMENT (US) INC.,BILATERAL,170606102,
UBS SECURITIES AUSTRALIA LTD,BILATERAL,169738768,
"NORTHERN TRUST COMPANY, THE",BILATERAL,166303402,
"WELLS FARGO SECURITIES, LLC",BILATERAL,164273243,
BANK OF AMERICA MORTGAGE SECURITIES INC,BILATERAL,160528642,
"CLEAR STREET, LLC",BILATERAL,145331581,
"Morgan Stanley Capital Group, Inc.",BILATERAL,143734310,
Morgan Stanley India Company Pvt. Ltd.,BILATERAL,143263000,
NOMURA ASSET ACCEPTANCE CORP,BILATERAL,143235338,
JP MORGAN INTERNATIONAL BANK LTD,BILATERAL,141853611,
Tullett Prebon,BILATERAL,141588447,
National Bank of Canada,BILATERAL,137291626,
"Cantor Fitzgerald, L.P.",BILATERAL,134736950,
WEDBUSH SECURITIES INC,BILATERAL,132853082,
BMO CAPITAL MARKETS,BILATERAL,132775072,
GOLDMAN SACHS AND CO. LLC,BILATERAL,131877501,
Scotia Capital (USA) Inc.,BILATERAL,131220612,
Hongkong and Shanghai Banking Corporation Ltd,BILATERAL,131123307,
BANK OF AMERICA MERRILL LYNCH INTERNATIONAL LIMITED,BILATERAL,130979595,
INTERACTIVE BROKERS L.L.C.,BILATERAL,130069500,
CREDIT SUISSE LONDON BRANCH (GFX),BILATERAL,129886919,
TULLETT PREBON FINANCIAL SERVICES LLC,BILATERAL,129385014,
Raymond James Finance Company of Canada Ltd.,BILATERAL,129312000,
Morgan Stanley Capital Group Inc.,BILATERAL,124451865,
Euronext Paris SA,BILATERAL,121803972,
Banco Santander SA,BILATERAL,120788575,
"BNY MELLON CAPITAL MARKETS, LLC",BILATERAL,118223963,
SOCIETE GENERALE INTERNATIONAL,BILATERAL,118084831,
Masterworks,BILATERAL,118075000,
CITIBANK NA - LONDON,BILATERAL,115892200,
JP Morgan,BILATERAL,112057408,
EURONEXT DERIVATIVES PARIS,BILATERAL,111158806,
NORTHERN TRUST COMPANY,BILATERAL,110936490,
COLLINS STEWART,BILATERAL,104814269,
US BANCORP INVESTMENTS INC.,BILATERAL,104259570,
Credit Agricole Securities (Asia) Limited,BILATERAL,100673529,
"Cargill, Incorporated",BILATERAL,100653387,
SOCIETE' GENERALE,BILATERAL,100527807,
CREDIT AGRICOLE CIB FINANCIAL SOLUTIONS,BILATERAL,99395359,
BNP PARIBAS NY BRANCH,BILATERAL,99071530,
CREDIT SUISSE FIRST BOSTON LLC.-CORP OPE,BILATERAL,98895433,
CITIBANK N.A. NEW YORK,BILATERAL,96032051,
Barclays Bank,BILATERAL,95951865,
CITICORP,BILATERAL,95372884,
EURONEXT PARIS MONEP,BILATERAL,93680592,
Takasbank,BILATERAL,91507861,
Capital Securities Corporation,BILATERAL,91320909,
DANSKE BANK A/S,BILATERAL,87366558,
TD Securities USA LLC,BILATERAL,86691594,
SINGAPORE EXCHANGE (WAS SIMEX),BILATERAL,85581631,
The Montreal Exchange,CCP,84524545,Montreal Exchange
UBS INVESTMENT BANK,BILATERAL,84052038,
Interactive Brokers,BILATERAL,81985900,
"OBERWEIS SECURITIES, INC.",BILATERAL,80858064,
CREDIT AGRICOLE SECURITIES (USA) INC.,BILATERAL,79838117,
Cargill India Private Ltd.,BILATERAL,79322966,
BofA Securities Europe S.A.,BILATERAL,79301584,
NYSE EURONEXT - EURONEXT AMSTERDAM,BILATERAL,77526661,
JPMORGAN CHASE & CO,BILATERAL,76737788,
HONGKONG AND SHANGHAI BANKING CORPORATION LIMITED -THE-,BILATERAL,72821593,
WESTPAC BANKING CORPORATION,BILATERAL,72675043,
Bank of America International (NY),BILATERAL,72668466,
Bursa Malaysia,BILATERAL,71279444,
"Wells Fargo Clearing Services, LLC",BILATERAL,69740000,
The Hongkong and Shanghai Banking Corporation Limited,BILATERAL,69572255,
Options Clearing Corp.,CCP,69469782,Options Clearing Corp
"Nomura Asset Management USA, Inc.",BILATERAL,67770902,
Wells Fargo & Co.,BILATERAL,67000000,
CREDIT SUISSE FIRST BOSTON LLC.,BILATERAL,66905000,
JEFFERIES LLC.,BILATERAL,65359588,
Bank of America Merrill Lynch International Ltd.,BILATERAL,64431017,
CREDIT SUISSE (INDIA) PRIVATE LTD,BILATERAL,61825618,
Lloyds Bank Corporate Markets PLC,BILATERAL,60798969,
EURONEXT AMSTERDAM N.V.,BILATERAL,60374447,
Deutsche Securities Australia Limited,BILATERAL,60000000,
morgan stanley,BILATERAL,60000000,
BANC OF AMERICA LLC,BILATERAL,59471969,
BNP Paribas Financial Markets,BILATERAL,59167425,
"B3 S.A. - BRASIL, BOLSA, BALCAO",CCP,57574894,B3 S.A
WARSAW STOCK EXCHANGE/FINANCIAL DERIVATIV,BILATERAL,55103884,
Aegis Capital Corp.,BILATERAL,53777778,
BORSA ISTANBUL,BILATERAL,52774558,
ANZ Securities,BILATERAL,51165588,
Macquarie Bank Limited,BILATERAL,50565618,
SOCIETE GENERALE SECURITIES CORP,BILATERAL,50000000,
STOCK EXCHANGE OF THAILAND,BILATERAL,49335392,
TOKYO STOCK EXCHANGE,BILATERAL,48495314,
Japan Exchange Group,BILATERAL,47325438,
Goldman Sachs AG,BILATERAL,47271101,
"JP Morgan Securites Japan Co., Ltd.",BILATERAL,47248051,
Commerzbank AG,BILATERAL,46443680,
DEUTSCHE BANK AG NEW YORK,BILATERAL,46423180,
INTERACTIVE BROKERS,BILATERAL,45065000,
Options Clearing,BILATERAL,44361217,
Bursa Malaysia Derivatives Clearing,BILATERAL,43554806,
"Nomura Securities International, Inc.",BILATERAL,43370969,
Asigna Compensacion y Liquidacion,BILATERAL,42492043,
BNP PARIBAS LONDON BRANCH,BILATERAL,42095330,
SYDNEY FUTURES EXCHANGE,BILATERAL,41869573,
BM&FBOVESPA Clearinghouse,CCP,38298573,BM&FBOVESPA
BNP PARIBAS BROKERAGE SERVICES INC.,BILATERAL,36861494,
Northern Trust,BILATERAL,36209470,
Credito Emiliano S.p.A.,BILATERAL,34443662,
CITIBANK N A,BILATERAL,34319542,
Montgomery & Co.,BILATERAL,33900000,
Bank of America Merrill Lynch Banco Multiplo SA,BILATERAL,33645990,
Cargill Incorporated,BILATERAL,33484779,
ROYAL BANK OF CANADA (UK),BILATERAL,33296296,
CREDIT SUISSE AG,BILATERAL,33242191,
London Stock Exchange Group,BILATERAL,32891235,
ASX Ltd.,BILATERAL,32652681,
STANDARD CHARTERED SECURITIES (NORTH AMERICA) LLC,BILATERAL,32507400,
BANC OF AMERICA SECURITIES LLC,BILATERAL,32300000,
BMO Capital Markets Corp.,BILATERAL,31970941,
"Mizuho Capital Markets, LLC",BILATERAL,31560606,
UBS Europe SE,BILATERAL,31307166,
Citibank NA London,BILATERAL,30492886,
The Northern Trust Company,BILATERAL,30375971,
Credit Suisse Capital LLC,BILATERAL,29923077,
"Scotia Capital USA, Inc.",BILATERAL,29581339,
Deutsche Bank Trust Company Americas,BILATERAL,27603327,
"B3 SA - Brasil, Bolsa, Balcao",BILATERAL,27371692,
Banco JP Morgan SA,BILATERAL,27294672,
California Metal-X (CMX),BILATERAL,27147978,
THE STOCK EXCHANGE OF THAILAND,BILATERAL,26765742,
EURONEXT DERIVATIVES AMSTERDAM,BILATERAL,26143838,
BANK OF SHANGHAI (HONG KONG) LIMITED,BILATERAL,26136110,
OMX NORDIC EXCHANGE STOCKHOLM AB,BILATERAL,25110138,
Nomura Asset Management U.S.A. Inc.,BILATERAL,25000000,
Taiwan Futures Exchange,BILATERAL,23314370,
"Nextera Energy, Inc.",BILATERAL,22658545,
TD Ameritrade,BILATERAL,22421457,
Capital One Financial Corporation,BILATERAL,22347034,
OMX NORDIC EXCHANGE STOCKHOLM,BILATERAL,22179430,
DEUTSCHE BANK A. S.,BILATERAL,21860395,
Minneapolis Grain Exchange,CCP,21474413,Minneapolis Grain Exch
CHASE SECURITIES,BILATERAL,21092000,
National Australia Bank,BILATERAL,20859775,
STANDARD BANK (MAURITIUS) LIMITED,BILATERAL,20858041,
Global Partners,BILATERAL,20403484,
Japan Commodity Clearing House,CCP,19726068,Clearing House
BNY MELLON CAPITAL MARKETS LLC,BILATERAL,19687991,
Tokyo Financial Exchange,BILATERAL,19641505,
VIRTU AMERICA,BILATERAL,19557729,
Bolsas y Mercados Espanoles S.A.,BILATERAL,19541402,
Emirates NBD Bank PJSC,BILATERAL,19524505,
Chicago Board Options Exchange,BILATERAL,17864260,
Macquarie Capital (USA) Inc.,BILATERAL,17838128,
"JP Morgan Securities Australia, Ltd.",BILATERAL,17825067,
"Westpac Capital Markets, LLC",BILATERAL,17265033,
RBC DOMINION SECURITIES INC.,BILATERAL,16953054,
SOCIETE GENERALE SECURITIES,BILATERAL,16542184,
SANFORD C. BERNSTEIN & CO. LLC,BILATERAL,16380414,
SK International,BILATERAL,16163786,
Goldman Sachs,BILATERAL,15938544,
Citigroup Global Markets Ltd.,BILATERAL,15600000,
"ICE Futures Canada, Inc.",BILATERAL,15499590,
"WELLS FARGO CLEARING SERVICES, LLC",BILATERAL,15103464,
European Energy Exchange,BILATERAL,15021407,
"BANK OF AMERICA MORTGAGE SECURITIES, INC.",BILATERAL,14850000,
Schwab (Charles),BILATERAL,14340861,
NBC SECURITIES INC.,BILATERAL,14209828,
STATE STREET BROKER GROUP,BILATERAL,13767892,
"CBOE Futures Exchange, LLC",BILATERAL,13059632,
ANZ SECURITIES INC.,BILATERAL,12765212,
Brown Advisory,BILATERAL,12674915,
NASDAQ STOCKHOLM AKTIEBOLAG,BILATERAL,12614683,
Goldman Sachs Mitsui Marine Derivative Products LP,BILATERAL,12500000,
BROWN BROTHERS HARRIMAN & CO.,BILATERAL,12261637,
GOLDMAN SACHS AG,BILATERAL,11932470,
CITADEL SECURITIES,BILATERAL,11890000,
Credit Agricole Securities (USA) Inc.,BILATERAL,11430160,
Northern Trust Corporation,BILATERAL,11311467,
CITIBANK CC ISSUANCE TRUST,BILATERAL,11148722,
BORSA ISTANBUL ANONIM SIRKETI,BILATERAL,10755079,
MORGAN STANLEY & CO INT LTD LONDON,BILATERAL,10645161,
WELLS FARGO SEC LLC,BILATERAL,10306340,
"WELLS FARGO BANK,N.A.",BILATERAL,9930473,
Broadcom Inc.,BILATERAL,9677569,
UBS INVESTMENT BANK CMO,BILATERAL,9631819,
"BGC FINANCIAL, L.P.",BILATERAL,9608034,
Goldman Sachs International Bank,BILATERAL,9556000,
TMX GROUP LIMITED,BILATERAL,8933068,
JEFFERIES GROUP LLC,BILATERAL,8823468,
COWEN INC,BILATERAL,8817015,
JACKSON PARTNERS & ASSOC,BILATERAL,8736984,
SMIFS LIMITED,BILATERAL,8235913,
BARCLAYS US INVESTMENTS LLC,BILATERAL,7973000,
Tower Semiconductor,BILATERAL,7935980,
SOUTH AFRICAN FUTURES EXCHANGE,BILATERAL,7704801,
GOLDMAN SACHS INT LONDON,BILATERAL,7340000,
ICBC Standard Bank Plc,BILATERAL,7200000,
MONTREAL STOCK EXCHANGE,BILATERAL,7178648,
"Mizuho Securities Co., Ltd.",BILATERAL,7160805,
Masterworks LLC,BILATERAL,7000000,
"UBS AG (Stamford, CT, US, Branch)",BILATERAL,6627129,
GOLDMAN SACHS INDIA SECURITIES,BILATERAL,6475071,
Nasdaq Copenhagen A/s,BILATERAL,6077890,
Macquarie Capital (Europe) Ltd.,BILATERAL,6024694,
Barclays Bank Ireland PLC,BILATERAL,5450000,
Korea Exchange,BILATERAL,5430458,
Wells Fargo Clearing Services LLC,BILATERAL,5321024,
Borsa Istanbul,BILATERAL,5258673,
MIZUHO FINANCIAL GROUP INC,BILATERAL,5120624,
NORDIC COMMODITY EXCHANGE AKTIEBOLAG,BILATERAL,5080598,
C. MACKERTICH PRIVATE LIMITED,BILATERAL,4999892,
BORSA ITALIANA (IDEM),BILATERAL,4907817,
FXC,BILATERAL,4732634,
MIZUHO INTERNATIONAL PLC,BILATERAL,4570270,
UBS GROUP AG,BILATERAL,4416254,
CITIGROUP GLOABL MARKETS INTER,BILATERAL,4295059,
BETA CAPITAL,BILATERAL,4295059,
JP MORGAN CHASE BANK,BILATERAL,3914090,
BANK OF NOVA SCOTIA,BILATERAL,3883885,
DRAX GROUP PLC,BILATERAL,3857976,
STANDARD CHARTERED SECURITIES,BILATERAL,3844778,
CAPITAL MARKETS GROUP,BILATERAL,3781438,
FX Cash,BILATERAL,3609589,
Instinet Europe Ltd.,BILATERAL,3469553,
"NEWEDGE USA, LLC",BILATERAL,3439402,
ADM Investor Services Inc.,BILATERAL,3415276,
"JOH. BERENBERG, GOSSLER & CO. KG",BILATERAL,3043488,
Skandinaviska Enskilda Captive,BILATERAL,2982705,
SGSP (Australia) Assets Pty. Ltd.,BILATERAL,2726411,
CME Group,CCP,2679655,CME Group
ING Baring (U.S.) Capital Markets,BILATERAL,2556048,
BNY Capital Markets,BILATERAL,2397602,
"Citadel Investment Group, LLC",BILATERAL,2340000,
"NATIONAL BANK OF CANADA FINANCIAL, INC.",BILATERAL,2339531,
"CITIGROUP GLOBAL MARKETS, INC.",BILATERAL,2245509,
Toronto Stock Exchange (TMX Group),BILATERAL,2231139,
NatWest Markets Securities,BILATERAL,2069384,
"JPMorgan Securities Japan Co., Ltd.",BILATERAL,2044539,
BANCO SANTANDER S.A,BILATERAL,1954489,
"STANDARD CHARTERED SECURITIES N.A., INC.",BILATERAL,1954206,
LLOYDS BANK PLC,BILATERAL,1902756,
COWEN EXECUTION SERVICES LLC,BILATERAL,1878584,
EUROPEAN ENERGY EXCHANGE AG,BILATERAL,1851951,
TOWER SEMICONDUCTOR,BILATERAL,1845769,
ING BARING (U.S.) CAPITAL MARKETS,BILATERAL,1785000,
Goldman Sachs Trust Company,BILATERAL,1584000,
BNY Mellon NA,BILATERAL,1500000,
NEWEDGE GROUP (UK BRANCH),BILATERAL,1302424,
BNY MELLON NA,BILATERAL,1222314,
"State Street Bank and Trust Company (London, GB, Branch)",BILATERAL,1217452,
CHASE MANHATTAN BANK,BILATERAL,1185000,
BORSA INSTANBUL ANONIM SIRKETI,BILATERAL,1134657,
GOLDMAN SACHS DO BRASIL BANCO MULTI AVEN,BILATERAL,1104179,
"COWEN AND COMPANY, LLC",BILATERAL,1050000,
ROYAL BANK OF SCOTLAND PLC,BILATERAL,994624,
PHILLIP CAPITAL INC.,BILATERAL,982925,
TD Securities,BILATERAL,979537,
UNITED FIRST PARTNERS,BILATERAL,937749,
CSL GROUP INC,BILATERAL,920000,
CREDIT SUISSE,BILATERAL,846000,
BURSA MALAYSIA BERHAD,BILATERAL,829528,
JAPAN EXCHANGE GROUP INC,BILATERAL,799756,
South African Futures Exchange,BILATERAL,687905,
Macquarie,BILATERAL,657876,
"BANK OF AMERICA CALIFORNIA, NATIONAL ASSOCIATION",BILATERAL,622984,
"BM&F Bovespa S.a. - Bolsa De Valores, Mercadorias e Futu",BILATERAL,594287,
KEEFE BRUYETTE & WOODS INC.,BILATERAL,467117,
HONG KONG & SHANGHAI BANK,BILATERAL,448556,
UBS AG STAMFORD,BILATERAL,440520,
NEWEDGE CANADA INC,BILATERAL,410497,
"MORGAN STANLEY BANK, NATIONAL ASSOCIATION",BILATERAL,358000,
Bank of America Merrill Lynch Banco Multiplo S.A.,BILATERAL,247921,
KT Zmico Securities Company Limited,BILATERAL,244322,
DAIWA SECURITIES,BILATERAL,224433,
"BBVA SECURITIES, INC.",BILATERAL,189417,
KEPLER CHEUVREUX,BILATERAL,158424,
J.P. MORGAN SECURITIES LLC,BILATERAL,152612,
J.P. MORGAN MARKETS LIMITED,BILATERAL,150000,
"NORTHERN TRUST SECURITIES, INC.",BILATERAL,148685,
NATWEST MARKETS N.V.,BILATERAL,146899,
ADM Investor Services,BILATERAL,64669,
Tokyo Commodity Exchange,BILATERAL,57921,
Kansas City Board Of Trade,BILATERAL,55650,
BURSA MALAYSIA BHD,BILATERAL,38305,
NOMURA BANK INTERNATIONAL PLC,BILATERAL,30422,
Japan Exchange Group (TSE and OSE),BILATERAL,22740,
CHURCHILL CAPITAL LTD.,BILATERAL,22624,
"ING FINANCIAL MARKETS, LLC",BILATERAL,20239,
Macquarie Investment Management Global Ltd.,BILATERAL,18225,
"BNP Paribas Prime Brokerage, Inc.",BILATERAL,8266,
State Street Trust (HK) Limited,BILATERAL,4065,
"MORGAN STANLEY BANK,N.A.",BILATERAL,71,
ICE Endex Markets B.V.,BILATERAL,15,
BANK OF AMERICA MERRILL LYNCH BANCO MULTIPLO S.A.,BILATERAL,4,
